,Name,Median Income,Zip Code,Percent Poverty,% HS Graduates,% College Graduates,Zip Perc White
0,ZCTA5 01001,60161,01001,7.1,91.5,28.0,91.8
1,ZCTA5 01002,50540,01002,14.7,95.6,68.0,78.4
2,ZCTA5 01005,68786,01005,2.6,95.7,24.0,97.3
3,ZCTA5 01007,76881,01007,8.5,92.4,42.0,94.9
4,ZCTA5 01010,87961,01010,0.0,94.0,41.6,100.0
5,ZCTA5 01011,68000,01011,9.8,91.8,17.8,96.2
6,ZCTA5 01012,57019,01012,18.2,96.2,41.0,98.7
7,ZCTA5 01013,40774,01013,24.9,81.0,16.0,84.2
8,ZCTA5 01020,55665,01020,12.4,87.1,17.4,88.1
9,ZCTA5 01022,51500,01022,0.0,95.4,27.5,75.7
10,ZCTA5 01027,58324,01027,5.4,94.8,33.4,91.3
11,ZCTA5 01028,81655,01028,8.9,94.5,41.2,91.6
12,ZCTA5 01030,63026,01030,12.5,93.8,29.1,96.1
13,ZCTA5 01031,39750,01031,29.5,90.4,20.7,94.4
14,ZCTA5 01033,87222,01033,2.6,93.5,34.1,99.2
15,ZCTA5 01035,65625,01035,7.9,96.1,46.4,95.3
16,ZCTA5 01036,81018,01036,4.7,94.7,37.9,99.1
17,ZCTA5 01038,66607,01038,4.9,98.3,38.6,96.1
18,ZCTA5 01040,36608,01040,38.4,77.3,23.4,82.1
19,ZCTA5 01050,62446,01050,9.5,92.3,18.5,94.0
20,ZCTA5 01053,59948,01053,22.3,90.4,41.1,91.7
21,ZCTA5 01054,83333,01054,9.4,94.9,62.5,93.2
22,ZCTA5 01056,63548,01056,5.3,83.9,20.8,93.8
23,ZCTA5 01057,68156,01057,6.9,91.7,27.7,97.3
24,ZCTA5 01060,51651,01060,11.3,95.4,60.3,85.7
25,ZCTA5 01062,67939,01062,17.5,93.7,56.9,89.1
26,ZCTA5 01068,80313,01068,6.4,93.1,37.5,98.6
27,ZCTA5 01069,54141,01069,7.7,89.8,24.5,98.6
28,ZCTA5 01071,73611,01071,2.8,93.7,29.9,96.2
29,ZCTA5 01072,69250,01072,6.5,95.3,62.9,96.6
30,ZCTA5 01073,79858,01073,4.7,92.7,29.8,96.5
31,ZCTA5 01075,60248,01075,8.4,92.3,39.3,89.5
32,ZCTA5 01077,80444,01077,9.3,90.3,33.5,96.1
33,ZCTA5 01081,50393,01081,9.0,92.6,18.5,98.1
34,ZCTA5 01082,49500,01082,18.3,91.1,21.6,96.1
35,ZCTA5 01083,41600,01083,9.1,90.7,15.0,99.6
36,ZCTA5 01085,61546,01085,10.7,91.4,32.7,90.6
37,ZCTA5 01089,54585,01089,10.6,88.5,29.6,85.2
38,ZCTA5 01092,56111,01092,47.3,89.6,24.9,99.8
39,ZCTA5 01093,82125,01093,0.0,93.9,59.0,99.0
40,ZCTA5 01095,90307,01095,1.0,94.0,43.4,93.8
41,ZCTA5 01096,70980,01096,7.6,93.9,38.5,97.9
42,ZCTA5 01098,72917,01098,5.7,89.5,37.6,95.6
43,ZCTA5 01103,15558,01103,83.7,63.0,20.3,53.7
44,ZCTA5 01104,28858,01104,36.2,74.6,12.5,57.6
45,ZCTA5 01105,16845,01105,62.5,60.3,8.4,37.7
46,ZCTA5 01106,109804,01106,5.3,95.7,65.7,91.1
47,ZCTA5 01107,22288,01107,55.7,53.5,9.3,53.7
48,ZCTA5 01108,35119,01108,38.9,76.6,20.6,58.1
49,ZCTA5 01109,33797,01109,40.3,77.9,14.2,36.4
50,ZCTA5 01118,59232,01118,18.5,89.4,29.4,76.2
51,ZCTA5 01119,47702,01119,21.8,81.8,20.5,63.9
52,ZCTA5 01128,69145,01128,3.6,93.1,26.6,78.8
53,ZCTA5 01129,60992,01129,17.6,87.0,23.8,73.7
54,ZCTA5 01151,33419,01151,46.9,80.8,15.3,65.2
55,ZCTA5 01201,44509,01201,24.8,89.8,26.4,87.9
56,ZCTA5 01220,46210,01220,11.5,89.6,22.2,97.4
57,ZCTA5 01223,66012,01223,8.8,92.5,33.3,96.8
58,ZCTA5 01225,55750,01225,4.6,93.9,17.7,99.1
59,ZCTA5 01226,47324,01226,18.5,96.0,29.6,97.0
60,ZCTA5 01230,56933,01230,17.4,90.5,42.3,87.1
61,ZCTA5 01235,63182,01235,9.6,92.2,29.4,96.9
62,ZCTA5 01237,73659,01237,0.5,92.7,31.7,97.3
63,ZCTA5 01238,59921,01238,7.0,91.3,39.1,96.1
64,ZCTA5 01240,49149,01240,21.6,94.6,49.9,94.6
65,ZCTA5 01247,40465,01247,23.1,85.9,23.1,94.4
66,ZCTA5 01253,68846,01253,5.0,91.9,28.6,98.3
67,ZCTA5 01254,86944,01254,5.7,96.2,51.1,94.9
68,ZCTA5 01256,53036,01256,19.1,87.1,16.5,91.2
69,ZCTA5 01257,47167,01257,27.6,90.5,33.2,97.5
70,ZCTA5 01267,73112,01267,10.8,93.1,60.6,85.2
71,ZCTA5 01301,49778,01301,16.3,91.5,31.1,92.4
72,ZCTA5 01330,75417,01330,9.8,97.6,46.7,96.2
73,ZCTA5 01331,51849,01331,17.1,87.4,17.0,95.1
74,ZCTA5 01337,62965,01337,7.3,93.9,29.1,97.4
75,ZCTA5 01339,54938,01339,11.2,92.5,32.3,97.2
76,ZCTA5 01340,50250,01340,12.1,90.4,26.5,95.2
77,ZCTA5 01341,77778,01341,3.6,98.5,55.1,97.7
78,ZCTA5 01344,58125,01344,13.1,94.1,17.6,94.4
79,ZCTA5 01351,73051,01351,14.0,96.9,35.6,96.1
80,ZCTA5 01354,73750,01354,5.0,96.2,46.3,92.0
81,ZCTA5 01355,65682,01355,2.0,97.5,41.1,99.2
82,ZCTA5 01360,63491,01360,2.5,94.8,36.7,97.0
83,ZCTA5 01364,39273,01364,12.6,86.6,15.1,97.1
84,ZCTA5 01366,63625,01366,2.7,97.9,39.6,96.1
85,ZCTA5 01367,52875,01367,18.8,88.9,27.8,97.6
86,ZCTA5 01368,57841,01368,18.2,88.5,15.0,98.1
87,ZCTA5 01370,55076,01370,8.8,93.2,38.0,97.5
88,ZCTA5 01373,67561,01373,5.5,96.5,39.1,96.9
89,ZCTA5 01375,47688,01375,4.4,92.7,61.2,84.9
90,ZCTA5 01376,41864,01376,30.0,83.6,24.3,86.8
91,ZCTA5 01378,55625,01378,21.7,90.7,34.3,96.8
92,ZCTA5 01420,48724,01420,25.1,82.2,20.7,79.6
93,ZCTA5 01430,87615,01430,3.9,96.1,41.3,96.8
94,ZCTA5 01431,82019,01431,7.5,92.8,24.3,97.6
95,ZCTA5 01432,72048,01432,24.2,94.5,36.3,88.4
96,ZCTA5 01434,77014,01434,0.0,90.8,25.9,68.0
97,ZCTA5 01436,66113,01436,13.0,87.7,16.1,98.8
98,ZCTA5 01440,43818,01440,26.8,84.3,16.4,90.0
99,ZCTA5 01450,116642,01450,1.7,98.9,66.7,92.8
100,ZCTA5 01451,126667,01451,8.1,98.7,75.5,89.0
101,ZCTA5 01452,81757,01452,6.2,94.3,27.8,96.2
102,ZCTA5 01453,58946,01453,15.8,86.5,27.0,83.1
103,ZCTA5 01460,111680,01460,4.4,98.3,58.8,91.8
104,ZCTA5 01462,80572,01462,15.0,92.3,35.3,93.0
105,ZCTA5 01463,80524,01463,4.1,94.0,36.8,95.3
106,ZCTA5 01464,67896,01464,21.1,86.3,23.9,68.9
107,ZCTA5 01469,79315,01469,1.1,96.7,32.1,95.3
108,ZCTA5 01473,88902,01473,2.4,93.8,42.7,98.1
109,ZCTA5 01475,59661,01475,10.2,88.8,19.8,94.7
110,ZCTA5 01501,73070,01501,1.9,92.8,36.4,95.2
111,ZCTA5 01503,88816,01503,5.6,94.5,48.6,96.9
112,ZCTA5 01504,73679,01504,5.1,91.2,27.6,93.7
113,ZCTA5 01505,102905,01505,0.0,94.8,53.5,94.0
114,ZCTA5 01506,63920,01506,8.5,90.4,31.1,94.0
115,ZCTA5 01507,87294,01507,5.9,94.6,31.9,97.3
116,ZCTA5 01510,62805,01510,9.9,90.4,33.9,89.5
117,ZCTA5 01515,72375,01515,5.5,93.4,29.9,98.0
118,ZCTA5 01516,84985,01516,2.9,96.3,36.5,97.4
119,ZCTA5 01518,54222,01518,3.8,96.7,46.2,98.0
120,ZCTA5 01519,108879,01519,3.3,96.7,56.0,91.5
121,ZCTA5 01520,97650,01520,2.2,95.0,52.1,95.1
122,ZCTA5 01521,75000,01521,4.8,93.8,32.1,97.1
123,ZCTA5 01522,101227,01522,0.0,98.4,50.2,95.6
124,ZCTA5 01523,98918,01523,16.0,89.7,34.3,87.5
125,ZCTA5 01524,62736,01524,3.5,90.0,27.4,96.8
126,ZCTA5 01527,71151,01527,9.1,91.0,31.7,93.4
127,ZCTA5 01529,81438,01529,9.2,87.4,25.9,93.5
128,ZCTA5 01531,80000,01531,2.2,93.9,35.6,98.7
129,ZCTA5 01532,107797,01532,3.1,95.9,53.4,86.0
130,ZCTA5 01535,68232,01535,9.2,92.7,25.8,97.6
131,ZCTA5 01536,83917,01536,4.8,95.3,47.5,87.6
132,ZCTA5 01540,65366,01540,11.2,94.4,28.2,94.2
133,ZCTA5 01541,114167,01541,4.4,99.2,61.0,92.4
134,ZCTA5 01543,94028,01543,1.2,98.9,44.3,96.8
135,ZCTA5 01545,94273,01545,4.4,94.6,54.3,76.7
136,ZCTA5 01550,43870,01550,23.0,81.2,16.3,75.2
137,ZCTA5 01560,71797,01560,5.8,93.2,47.2,71.3
138,ZCTA5 01562,62901,01562,13.4,88.5,24.4,95.1
139,ZCTA5 01564,87039,01564,5.9,94.7,46.6,96.1
140,ZCTA5 01566,94167,01566,0.0,94.7,44.7,96.3
141,ZCTA5 01568,111222,01568,3.7,96.1,46.2,93.2
142,ZCTA5 01569,90313,01569,5.8,96.2,35.2,93.5
143,ZCTA5 01570,48057,01570,24.3,83.6,22.4,87.3
144,ZCTA5 01571,66339,01571,14.9,91.0,29.9,94.8
145,ZCTA5 01581,101467,01581,3.8,96.2,64.3,72.0
146,ZCTA5 01583,68648,01583,7.2,89.6,33.0,87.5
147,ZCTA5 01585,61029,01585,8.1,91.4,29.5,96.4
148,ZCTA5 01588,65926,01588,9.8,91.1,30.3,92.5
149,ZCTA5 01590,108547,01590,3.0,95.0,42.7,95.6
150,ZCTA5 01602,59770,01602,12.9,91.0,45.6,80.7
151,ZCTA5 01603,43329,01603,27.7,79.3,20.6,71.8
152,ZCTA5 01604,48212,01604,27.7,87.3,27.1,72.2
153,ZCTA5 01605,36429,01605,38.8,82.6,26.1,60.4
154,ZCTA5 01606,63646,01606,10.0,92.7,37.4,79.5
155,ZCTA5 01607,45170,01607,21.5,85.1,28.6,66.1
156,ZCTA5 01609,43729,01609,25.6,80.7,39.8,76.3
157,ZCTA5 01610,31019,01610,35.9,73.0,14.0,61.6
158,ZCTA5 01612,92500,01612,2.6,95.6,51.7,88.4
159,ZCTA5 01701,91430,01701,7.0,95.8,57.2,83.7
160,ZCTA5 01702,51985,01702,19.1,82.7,37.4,66.2
161,ZCTA5 01719,102699,01719,4.7,99.7,76.4,78.4
162,ZCTA5 01720,124836,01720,1.0,97.4,75.7,74.8
163,ZCTA5 01721,102911,01721,3.6,96.1,59.2,86.2
164,ZCTA5 01730,113729,01730,1.9,97.6,66.8,81.5
165,ZCTA5 01731,81667,01731,5.8,99.8,54.4,82.1
166,ZCTA5 01740,147446,01740,1.1,97.1,65.8,94.1
167,ZCTA5 01741,166111,01741,2.8,98.6,83.3,86.7
168,ZCTA5 01742,133880,01742,5.9,94.0,68.1,86.3
169,ZCTA5 01746,108869,01746,5.5,97.0,60.0,92.4
170,ZCTA5 01747,95268,01747,1.3,91.9,40.2,94.5
171,ZCTA5 01748,138551,01748,1.3,97.8,65.6,92.6
172,ZCTA5 01749,75985,01749,6.0,90.5,36.5,91.9
173,ZCTA5 01752,71790,01752,8.2,89.1,37.9,78.4
174,ZCTA5 01754,88333,01754,7.5,95.5,49.8,87.5
175,ZCTA5 01756,108942,01756,2.3,95.8,47.5,95.6
176,ZCTA5 01757,70162,01757,13.8,91.9,35.7,85.5
177,ZCTA5 01760,100922,01760,1.6,97.3,69.1,85.7
178,ZCTA5 01770,155956,01770,1.4,98.6,81.6,94.7
179,ZCTA5 01772,145179,01772,3.3,97.5,70.8,85.5
180,ZCTA5 01773,153438,01773,0.0,97.4,82.3,82.6
181,ZCTA5 01775,137551,01775,2.5,99.3,65.1,94.5
182,ZCTA5 01776,165745,01776,1.5,98.6,78.7,87.6
183,ZCTA5 01778,143616,01778,3.3,98.5,82.1,86.2
184,ZCTA5 01801,80266,01801,8.6,94.0,37.4,84.8
185,ZCTA5 01803,94518,01803,6.7,93.9,47.1,80.7
186,ZCTA5 01810,129082,01810,3.6,97.5,71.9,81.7
187,ZCTA5 01821,93307,01821,5.4,93.7,32.0,91.8
188,ZCTA5 01824,105010,01824,2.1,96.4,52.5,89.3
189,ZCTA5 01826,78133,01826,3.2,91.1,24.9,88.7
190,ZCTA5 01827,118523,01827,1.4,97.5,56.0,93.9
191,ZCTA5 01830,56074,01830,22.7,85.6,26.3,83.6
192,ZCTA5 01832,58850,01832,13.2,86.9,27.5,80.2
193,ZCTA5 01833,107683,01833,1.0,96.9,48.2,96.7
194,ZCTA5 01834,95208,01834,3.8,96.1,34.0,97.7
195,ZCTA5 01835,72568,01835,8.8,95.8,35.5,90.5
196,ZCTA5 01840,18291,01840,36.1,60.6,12.4,39.3
197,ZCTA5 01841,32928,01841,34.9,66.0,8.9,39.5
198,ZCTA5 01843,43301,01843,31.0,74.6,15.5,44.0
199,ZCTA5 01844,71392,01844,11.4,88.7,28.9,79.4
200,ZCTA5 01845,100286,01845,6.0,96.5,58.5,88.9
201,ZCTA5 01850,48979,01850,23.1,83.4,19.8,66.4
202,ZCTA5 01851,50108,01851,18.9,74.1,20.2,45.0
203,ZCTA5 01852,48420,01852,24.4,81.2,26.0,65.8
204,ZCTA5 01854,41640,01854,22.5,78.7,19.5,56.9
205,ZCTA5 01860,73986,01860,8.6,96.9,44.9,99.8
206,ZCTA5 01862,103219,01862,4.0,90.7,30.8,88.4
207,ZCTA5 01863,75687,01863,1.3,95.2,45.1,88.1
208,ZCTA5 01864,123103,01864,1.3,96.9,51.0,89.2
209,ZCTA5 01867,108282,01867,1.8,96.7,58.0,92.2
210,ZCTA5 01876,90477,01876,4.9,94.0,32.5,94.6
211,ZCTA5 01879,106290,01879,7.8,95.4,44.5,92.5
212,ZCTA5 01880,86210,01880,1.3,93.7,46.9,92.7
213,ZCTA5 01886,121591,01886,2.4,97.4,67.7,83.0
214,ZCTA5 01887,100862,01887,5.0,95.4,37.1,91.7
215,ZCTA5 01890,143017,01890,2.2,97.3,72.1,84.9
216,ZCTA5 01902,38045,01902,28.3,76.1,17.3,40.9
217,ZCTA5 01904,84932,01904,6.3,92.6,29.7,81.3
218,ZCTA5 01905,50903,01905,27.5,77.9,15.1,43.4
219,ZCTA5 01906,77371,01906,6.2,90.1,24.9,91.7
220,ZCTA5 01907,98475,01907,6.6,95.4,55.7,95.6
221,ZCTA5 01908,65284,01908,2.0,97.1,49.2,95.2
222,ZCTA5 01913,76558,01913,4.5,93.6,42.8,95.4
223,ZCTA5 01915,72837,01915,8.2,94.1,45.8,94.4
224,ZCTA5 01921,140268,01921,6.4,97.8,61.6,95.8
225,ZCTA5 01922,87412,01922,0.0,97.9,58.9,95.0
226,ZCTA5 01923,77949,01923,4.3,94.4,41.3,94.0
227,ZCTA5 01929,92396,01929,7.0,97.1,51.1,97.3
228,ZCTA5 01930,61505,01930,11.0,88.7,34.4,95.5
229,ZCTA5 01937,-,01937,-,73.9,20.1,94.8
230,ZCTA5 01938,76458,01938,4.9,96.4,49.9,97.5
231,ZCTA5 01940,111911,01940,1.8,96.9,50.9,92.2
232,ZCTA5 01944,95243,01944,2.4,96.4,60.6,97.5
233,ZCTA5 01945,102993,01945,3.1,97.8,68.3,96.1
234,ZCTA5 01949,108622,01949,4.6,91.2,37.2,84.5
235,ZCTA5 01950,85556,01950,8.1,97.1,59.9,95.8
236,ZCTA5 01951,91304,01951,6.0,95.6,60.8,97.5
237,ZCTA5 01952,69500,01952,9.0,89.8,29.1,95.6
238,ZCTA5 01960,60469,01960,10.5,90.3,29.1,88.7
239,ZCTA5 01966,64839,01966,3.8,97.1,47.9,97.7
240,ZCTA5 01969,86820,01969,2.5,95.5,37.4,97.7
241,ZCTA5 01970,60583,01970,19.0,91.0,38.1,78.6
242,ZCTA5 01982,109500,01982,9.6,97.3,66.1,90.1
243,ZCTA5 01983,114565,01983,5.2,96.0,59.0,95.5
244,ZCTA5 01984,109250,01984,2.7,97.9,67.5,94.0
245,ZCTA5 01985,131167,01985,9.6,97.5,57.6,98.4
246,ZCTA5 02019,88460,02019,2.5,93.6,28.2,94.2
247,ZCTA5 02021,95045,02021,6.8,96.9,54.2,84.2
248,ZCTA5 02025,113843,02025,7.3,96.6,67.7,98.2
249,ZCTA5 02026,83438,02026,4.3,94.1,47.1,84.3
250,ZCTA5 02030,185542,02030,0.0,99.0,84.5,87.3
251,ZCTA5 02032,92500,02032,7.2,94.0,47.2,84.2
252,ZCTA5 02035,88766,02035,3.7,94.7,47.4,93.2
253,ZCTA5 02038,108272,02038,3.6,96.2,54.2,93.0
254,ZCTA5 02043,116187,02043,5.7,97.8,67.6,95.6
255,ZCTA5 02045,74391,02045,6.3,95.9,41.9,94.9
256,ZCTA5 02048,93019,02048,2.1,96.8,52.5,89.8
257,ZCTA5 02050,82986,02050,6.7,96.0,45.5,95.3
258,ZCTA5 02052,138036,02052,4.2,98.1,69.4,93.2
259,ZCTA5 02053,110241,02053,2.5,95.8,54.1,93.3
260,ZCTA5 02054,92042,02054,8.3,97.8,48.9,95.3
261,ZCTA5 02056,141278,02056,4.6,91.1,51.5,89.3
262,ZCTA5 02061,111628,02061,2.2,96.3,58.7,96.8
263,ZCTA5 02062,80532,02062,9.5,94.4,43.8,85.1
264,ZCTA5 02066,104337,02066,2.0,97.5,56.7,96.5
265,ZCTA5 02067,124217,02067,2.2,98.0,73.4,78.6
266,ZCTA5 02072,76179,02072,11.0,90.0,34.8,79.4
267,ZCTA5 02081,97753,02081,0.7,94.2,53.1,93.3
268,ZCTA5 02090,135884,02090,1.3,97.2,69.2,91.8
269,ZCTA5 02093,102659,02093,3.5,96.6,49.5,98.6
270,ZCTA5 02111,51480,02111,10.5,75.8,53.0,44.7
271,ZCTA5 02113,76503,02113,0.0,94.0,77.5,94.3
272,ZCTA5 02115,31737,02115,40.2,90.3,63.6,68.5
273,ZCTA5 02116,93059,02116,10.6,92.5,76.4,76.3
274,ZCTA5 02118,62300,02118,26.0,83.5,57.1,53.2
275,ZCTA5 02119,28885,02119,37.5,76.3,24.0,15.1
276,ZCTA5 02120,30487,02120,43.2,84.3,41.4,46.5
277,ZCTA5 02121,26150,02121,40.9,74.4,13.4,9.0
278,ZCTA5 02122,52122,02122,20.8,76.8,22.1,34.6
279,ZCTA5 02124,48350,02124,26.0,80.6,23.5,21.9
280,ZCTA5 02125,48123,02125,34.5,79.6,33.4,34.4
281,ZCTA5 02126,45958,02126,27.9,79.8,15.6,8.3
282,ZCTA5 02127,77633,02127,37.2,89.5,56.5,81.5
283,ZCTA5 02128,51097,02128,26.5,67.8,20.5,62.7
284,ZCTA5 02129,87381,02129,39.8,91.0,62.0,73.9
285,ZCTA5 02130,77480,02130,19.3,91.9,64.2,64.5
286,ZCTA5 02131,64178,02131,20.8,88.8,41.2,59.9
287,ZCTA5 02132,87983,02132,5.2,93.9,53.7,83.8
288,ZCTA5 02134,44000,02134,15.0,88.6,57.5,63.5
289,ZCTA5 02135,50752,02135,20.9,91.1,61.9,73.0
290,ZCTA5 02136,61391,02136,16.8,88.0,25.1,35.3
291,ZCTA5 02138,79540,02138,5.7,97.7,83.6,72.7
292,ZCTA5 02139,78649,02139,16.8,93.2,73.4,65.7
293,ZCTA5 02140,84163,02140,16.1,93.3,69.5,64.4
294,ZCTA5 02141,70828,02141,15.4,90.4,65.4,66.1
295,ZCTA5 02143,73117,02143,14.4,90.3,64.5,77.2
296,ZCTA5 02144,87169,02144,20.1,93.8,69.6,81.8
297,ZCTA5 02145,58665,02145,18.1,83.5,36.8,67.0
298,ZCTA5 02148,54883,02148,17.1,85.9,32.8,54.1
299,ZCTA5 02149,50718,02149,17.8,79.8,16.8,63.7
300,ZCTA5 02150,47811,02150,26.1,65.4,16.9,51.6
301,ZCTA5 02151,50865,02151,20.3,82.2,19.5,76.1
302,ZCTA5 02152,61919,02152,11.2,94.8,34.8,93.8
303,ZCTA5 02155,76596,02155,10.5,91.5,44.8,78.9
304,ZCTA5 02169,61619,02169,13.1,89.9,39.2,68.5
305,ZCTA5 02170,70248,02170,7.4,85.5,39.7,62.8
306,ZCTA5 02171,71743,02171,10.6,88.4,45.0,57.1
307,ZCTA5 02176,85521,02176,3.5,94.3,53.0,91.8
308,ZCTA5 02180,78099,02180,4.4,93.6,40.0,93.0
309,ZCTA5 02184,84776,02184,7.6,93.9,38.5,84.1
310,ZCTA5 02186,116444,02186,1.7,96.9,61.9,75.4
311,ZCTA5 02188,71620,02188,6.8,94.0,33.3,81.9
312,ZCTA5 02189,56706,02189,17.1,91.5,30.2,82.8
313,ZCTA5 02190,77843,02190,3.6,94.2,34.3,89.1
314,ZCTA5 02191,65413,02191,2.5,93.6,32.4,95.3
315,ZCTA5 02215,40269,02215,57.7,95.8,78.5,68.7
316,ZCTA5 02301,43093,02301,29.2,79.6,17.6,41.5
317,ZCTA5 02302,58750,02302,15.0,83.2,18.0,53.3
318,ZCTA5 02322,76065,02322,1.6,88.6,25.9,77.1
319,ZCTA5 02324,84697,02324,7.3,92.1,33.0,86.5
320,ZCTA5 02330,74375,02330,3.5,89.5,21.0,94.8
321,ZCTA5 02332,120267,02332,4.3,98.4,65.3,97.4
322,ZCTA5 02333,84118,02333,3.3,94.9,25.3,96.4
323,ZCTA5 02338,64013,02338,0.0,97.2,25.1,97.1
324,ZCTA5 02339,101823,02339,4.3,95.9,49.7,96.7
325,ZCTA5 02341,91384,02341,2.9,95.0,31.1,94.6
326,ZCTA5 02343,66370,02343,11.2,96.5,27.0,87.5
327,ZCTA5 02346,76500,02346,12.3,94.3,29.7,94.3
328,ZCTA5 02347,90876,02347,3.5,93.0,33.6,97.4
329,ZCTA5 02351,80148,02351,1.9,96.3,31.3,92.6
330,ZCTA5 02356,103556,02356,4.5,97.1,52.5,93.6
331,ZCTA5 02359,90790,02359,4.3,94.6,32.7,95.2
332,ZCTA5 02360,76835,02360,7.4,95.1,35.1,93.1
333,ZCTA5 02364,85384,02364,3.6,93.9,39.2,96.0
334,ZCTA5 02367,90648,02367,6.1,94.1,30.7,97.7
335,ZCTA5 02368,63681,02368,16.4,86.9,30.5,40.4
336,ZCTA5 02370,69247,02370,6.8,94.4,24.6,92.9
337,ZCTA5 02375,88090,02375,4.5,96.1,43.0,87.4
338,ZCTA5 02379,81119,02379,4.2,92.5,31.4,92.0
339,ZCTA5 02382,72490,02382,6.3,92.8,27.0,95.6
340,ZCTA5 02420,151607,02420,2.7,97.5,76.1,71.0
341,ZCTA5 02421,147335,02421,3.9,96.6,78.6,72.2
342,ZCTA5 02445,92622,02445,8.4,97.2,77.0,75.0
343,ZCTA5 02446,86910,02446,7.7,96.1,83.1,77.2
344,ZCTA5 02451,82532,02451,11.8,92.8,49.2,73.5
345,ZCTA5 02452,79274,02452,4.8,91.3,51.3,75.6
346,ZCTA5 02453,70597,02453,13.0,87.5,47.2,76.1
347,ZCTA5 02458,92300,02458,2.5,96.1,71.2,77.3
348,ZCTA5 02459,135426,02459,7.1,98.9,84.8,77.1
349,ZCTA5 02460,114750,02460,5.3,96.9,72.3,81.4
350,ZCTA5 02461,140733,02461,8.8,97.8,83.9,73.2
351,ZCTA5 02465,130032,02465,2.3,96.8,70.1,78.7
352,ZCTA5 02466,105678,02466,7.5,95.7,73.1,75.8
353,ZCTA5 02467,109399,02467,2.8,98.0,78.0,76.3
354,ZCTA5 02468,196250,02468,1.8,98.8,84.4,79.6
355,ZCTA5 02472,87409,02472,9.8,94.0,59.6,84.8
356,ZCTA5 02474,93904,02474,1.7,95.2,66.9,83.1
357,ZCTA5 02476,93011,02476,2.7,97.0,68.6,86.1
358,ZCTA5 02478,110685,02478,5.0,97.0,73.3,82.9
359,ZCTA5 02481,176920,02481,3.5,98.6,85.2,82.9
360,ZCTA5 02482,156094,02482,0.9,97.7,81.3,84.9
361,ZCTA5 02492,140734,02492,3.0,97.8,76.3,90.1
362,ZCTA5 02493,199519,02493,2.6,98.5,83.0,82.0
363,ZCTA5 02494,116375,02494,3.5,98.2,72.2,81.9
364,ZCTA5 02532,67647,02532,18.6,94.7,34.0,93.6
365,ZCTA5 02535,76125,02535,17.4,96.9,54.4,78.0
366,ZCTA5 02536,66484,02536,11.7,92.8,35.4,86.9
367,ZCTA5 02537,92639,02537,12.7,97.7,49.4,97.0
368,ZCTA5 02539,60714,02539,1.9,81.2,25.8,94.8
369,ZCTA5 02540,61618,02540,7.5,95.7,51.3,91.2
370,ZCTA5 02554,84479,02554,8.7,94.8,44.0,85.7
371,ZCTA5 02556,84800,02556,6.3,93.7,51.4,95.1
372,ZCTA5 02557,75242,02557,16.2,97.3,44.2,94.5
373,ZCTA5 02568,42180,02568,24.1,96.7,40.1,90.2
374,ZCTA5 02571,54221,02571,24.9,90.1,23.3,82.6
375,ZCTA5 02575,75000,02575,6.1,98.9,49.7,97.8
376,ZCTA5 02576,81875,02576,8.2,90.6,17.3,85.6
377,ZCTA5 02601,40210,02601,24.3,88.5,20.7,79.2
378,ZCTA5 02631,66362,02631,7.4,98.2,50.4,97.6
379,ZCTA5 02632,64278,02632,10.7,96.6,39.3,95.1
380,ZCTA5 02633,60268,02633,14.7,96.6,50.4,92.0
381,ZCTA5 02642,60524,02642,6.8,95.8,45.7,96.5
382,ZCTA5 02644,90912,02644,4.3,98.7,30.2,99.7
383,ZCTA5 02645,72556,02645,4.5,91.6,39.8,93.8
384,ZCTA5 02648,75238,02648,5.7,96.9,42.0,95.2
385,ZCTA5 02649,70313,02649,8.9,94.8,36.2,87.9
386,ZCTA5 02651,-,02651,-,100.0,100.0,100.0
387,ZCTA5 02653,62313,02653,10.1,99.0,50.3,98.5
388,ZCTA5 02657,36958,02657,12.7,92.4,50.2,85.9
389,ZCTA5 02660,52088,02660,8.9,94.4,34.1,91.7
390,ZCTA5 02664,51607,02664,7.0,93.3,31.0,93.8
391,ZCTA5 02666,61327,02666,64.3,93.5,50.1,98.5
392,ZCTA5 02667,45045,02667,23.6,95.4,52.5,95.5
393,ZCTA5 02668,94331,02668,4.1,96.1,45.3,98.1
394,ZCTA5 02670,51154,02670,50.0,97.7,41.1,96.8
395,ZCTA5 02673,61979,02673,5.0,91.9,26.1,90.8
396,ZCTA5 02703,67736,02703,10.2,88.3,31.1,87.9
397,ZCTA5 02713,36250,02713,-,100.0,53.4,100.0
398,ZCTA5 02715,77292,02715,3.5,92.5,33.2,94.3
399,ZCTA5 02717,81061,02717,3.2,89.6,22.5,94.5
400,ZCTA5 02718,86343,02718,1.1,85.1,25.1,95.8
401,ZCTA5 02719,61274,02719,12.4,85.6,26.0,92.8
402,ZCTA5 02720,44397,02720,24.9,78.9,20.0,86.6
403,ZCTA5 02721,29684,02721,36.2,67.6,9.6,83.6
404,ZCTA5 02723,32275,02723,39.8,68.6,9.9,78.5
405,ZCTA5 02724,30688,02724,34.3,65.3,11.1,83.8
406,ZCTA5 02726,72585,02726,10.4,86.1,26.8,97.0
407,ZCTA5 02738,76503,02738,2.7,93.9,50.3,91.8
408,ZCTA5 02739,86659,02739,5.5,95.5,47.9,96.7
409,ZCTA5 02740,35887,02740,28.6,73.5,17.9,65.5
410,ZCTA5 02743,67263,02743,2.2,83.0,23.1,94.6
411,ZCTA5 02744,31709,02744,28.6,64.2,14.5,72.8
412,ZCTA5 02745,51328,02745,12.6,77.1,17.9,89.7
413,ZCTA5 02746,26705,02746,52.2,60.7,7.6,59.4
414,ZCTA5 02747,70919,02747,7.9,80.6,25.5,88.2
415,ZCTA5 02748,64625,02748,6.2,81.7,34.7,91.7
416,ZCTA5 02760,80957,02760,5.9,94.7,40.4,90.8
417,ZCTA5 02762,91009,02762,3.8,95.4,42.4,93.6
418,ZCTA5 02764,78870,02764,0.0,93.9,24.1,99.1
419,ZCTA5 02766,91438,02766,2.8,94.7,36.6,95.0
420,ZCTA5 02767,83125,02767,9.7,93.5,35.1,86.9
421,ZCTA5 02769,88868,02769,2.7,93.5,37.4,97.2
422,ZCTA5 02770,97157,02770,4.3,93.2,40.7,91.8
423,ZCTA5 02771,76826,02771,7.6,91.9,32.9,96.1
424,ZCTA5 02777,73310,02777,9.3,88.7,23.8,98.0
425,ZCTA5 02779,86288,02779,1.1,88.1,28.0,97.8
426,ZCTA5 02780,50653,02780,15.3,81.7,17.9,87.3
427,ZCTA5 02790,79697,02790,2.3,85.7,30.2,98.1
