,Zip Code,Org Code,Org Name,Org Type,Year,Job Category,Nonwhite (Num Stu),Total Students,Nonwhite (Num Staff),Total Staff,Perc Nonwhite Students,Perc Nonwhite Staff,Nonwhite Leader,Median Income,Percent Poverty,% HS Graduates,% College Graduates,Zip Perc White,Percent Nonwhite Residents,In Boston,Residuals,Residuals Group
69,01040,1370040,Holyoke: Kelly Elementary,Public School,2015,All Staff,571.0,586,20.500000000000007,82.9,97.44027303754265,24.728588661037403,False,36608.0,38.4,77.3,23.4,82.1,17.900000000000006,Not Boston,9.117950122526993,High
73,01040,1370025,Holyoke: Morgan Full Service Community School,Public School,2015,All Staff,391.0,399,13.0,54.4,97.99498746867168,23.897058823529413,True,36608.0,38.4,77.3,23.4,82.1,17.900000000000006,Not Boston,-3.018514750297907,Low
74,01040,1370030,Holyoke: William R. Peck School,Public School,2015,All Staff,345.0,371,31.900000000000006,90.4,92.99191374663073,35.28761061946903,True,36608.0,38.4,77.3,23.4,82.1,17.900000000000006,Not Boston,12.319321072587865,High
75,01040,1370605,Holyoke: Wm J Dean Vocational Technical High,Public School,2015,All Staff,381.0,403,21.999999999999993,85.1,94.54094292803971,25.85193889541715,True,36608.0,38.4,77.3,23.4,82.1,17.900000000000006,Not Boston,1.9703933837994292,High
76,01040,4530005,Holyoke Community Charter (District): Holyoke Community Charter School,Charter School,2015,All Staff,659.0,704,30.400000000000006,87.9,93.60795454545455,34.58475540386804,True,36608.0,38.4,77.3,23.4,82.1,17.900000000000006,Not Boston,20.844004792792393,High
78,01040,1370070,Holyoke: H.B. Lawrence School,Public School,2015,All Staff,264.0,291,19.0,64.0,90.72164948453609,29.6875,False,36608.0,38.4,77.3,23.4,82.1,17.900000000000006,Not Boston,15.969870766030752,High
150,01104,2810010,Springfield: Edward P. Boland School,Public School,2015,All Staff,764.0,831,7.0,120.7,91.93742478941034,5.79950289975145,True,28858.0,36.2,74.6,12.5,57.6,42.4,Not Boston,-11.617907810286237,Low
157,01104,35020405,Baystate Academy Charter Public School (District): Baystate Academy Charter Public School,Charter School,2015,All Staff,202.0,218,8.0,24.1,92.66055045871559,33.19502074688796,True,28858.0,36.2,74.6,12.5,57.6,42.4,Not Boston,12.388295024090233,High
158,01105,2810030,Springfield: Elias Brookings,Public School,2015,All Staff,314.0,330,7.0,47.9,95.15151515151516,14.613778705636744,True,16845.0,62.5,60.3,8.4,37.7,62.3,Not Boston,-14.733238224031705,Low
159,01105,2810510,Springfield: High School Of Commerce,Public School,2015,All Staff,1342.0,1446,22.599999999999994,143.7,92.80774550484094,15.727209464161445,True,16845.0,62.5,60.3,8.4,37.7,62.3,Not Boston,3.178145349164094,High
160,01105,2810023,Springfield: Milton Bradley School,Public School,2015,All Staff,544.0,559,13.900000000000006,80.7,97.31663685152057,17.22428748451054,False,16845.0,62.5,60.3,8.4,37.7,62.3,Not Boston,-2.609141220741982,Low
161,01105,2810355,Springfield: South End Middle School,Public School,2015,All Staff,284.0,291,3.8999999999999986,31.4,97.59450171821305,12.42038216560509,True,16845.0,62.5,60.3,8.4,37.7,62.3,Not Boston,-19.55142993993772,Low
162,01105,4980405,Veritas Preparatory Charter School (District): Veritas Preparatory Charter School,Charter School,2015,All Staff,231.0,246,6.0,30.5,93.90243902439023,19.672131147540984,False,16845.0,62.5,60.3,8.4,37.7,62.3,Not Boston,3.9919807041277835,High
163,01105,35080505,Phoenix Academy Public Charter High School Springfield (District): Phoenix Academy Public Charter High School Springfield,Charter School,2015,All Staff,117.0,122,13.9,29.5,95.90163934426229,47.11864406779661,True,16845.0,62.5,60.3,8.4,37.7,62.3,Not Boston,19.720950547853377,High
170,01107,2810025,Springfield: Brightwood,Public School,2015,All Staff,365.0,371,9.899999999999999,51.1,98.38274932614556,19.37377690802348,False,22288.0,55.7,53.5,9.3,53.7,46.3,Not Boston,-1.162119424599279,Low
171,01107,2810195,Springfield: German Gerena Community School,Public School,2015,All Staff,687.0,710,6.0,109.3,96.7605633802817,5.489478499542544,True,22288.0,55.7,53.5,9.3,53.7,46.3,Not Boston,-17.508640512433573,Low
172,01107,2810120,Springfield: Lincoln,Public School,2015,All Staff,401.0,417,4.899999999999999,49.6,96.1630695443645,9.879032258064512,True,22288.0,55.7,53.5,9.3,53.7,46.3,Not Boston,-16.482541617272307,Low
173,01107,2810365,Springfield: Chestnut Academy,Public School,2015,All Staff,284.0,295,3.0,39.1,96.27118644067797,7.672634271099745,True,22288.0,55.7,53.5,9.3,53.7,46.3,Not Boston,-20.39745335432135,Low
174,01107,2810366,Springfield: Impact Prep at Chestnut,Public School,2015,All Staff,245.0,262,3.1000000000000014,30.5,93.51145038167938,10.163934426229511,False,22288.0,55.7,53.5,9.3,53.7,46.3,Not Boston,-7.610796284022017,Low
176,01108,4920005,Martin Luther King Jr. Charter School of Excellence (District): Martin Luther King Jr. Charter School of Excellence,Charter School,2015,All Staff,364.0,367,33.3,61.0,99.1825613079019,54.59016393442623,True,35119.0,38.9,76.6,20.6,58.1,41.9,Not Boston,27.9269410348575,High
178,01108,2810325,Springfield: Forest Park Middle,Public School,2015,All Staff,612.0,679,8.600000000000009,83.9,90.13254786450663,10.250297973778318,True,35119.0,38.9,76.6,20.6,58.1,41.9,Not Boston,-9.821997551568975,Low
179,01108,2810110,Springfield: Kensington International School,Public School,2015,All Staff,339.0,364,7.0,44.0,93.13186813186813,15.909090909090908,False,35119.0,38.9,76.6,20.6,58.1,41.9,Not Boston,-2.5717960448999566,Low
181,01108,2810185,Springfield: Washington,Public School,2015,All Staff,491.0,542,5.0,63.0,90.59040590405904,7.936507936507936,False,35119.0,38.9,76.6,20.6,58.1,41.9,Not Boston,-5.994322035819844,Low
182,01108,2810190,Springfield: White Street,Public School,2015,All Staff,322.0,349,2.0,44.4,92.26361031518626,4.504504504504505,False,35119.0,38.9,76.6,20.6,58.1,41.9,Not Boston,-13.42560845776144,Low
184,01108,2810570,Springfield: Springfield High School,Public School,2015,All Staff,123.0,133,5.199999999999999,24.4,92.4812030075188,21.311475409836063,False,35119.0,38.9,76.6,20.6,58.1,41.9,Not Boston,0.3338641474553228,High
186,01109,2810530,Springfield: Springfield High School of Science and Technology,Public School,2015,All Staff,1240.0,1360,23.599999999999994,168.1,91.17647058823529,14.039262343842948,True,33797.0,40.3,77.9,14.2,36.4,63.6,Not Boston,-0.12284272439969612,Low
188,01109,2810085,Springfield: Homer Street,Public School,2015,All Staff,434.0,469,4.899999999999999,52.3,92.53731343283582,9.369024856596555,False,33797.0,40.3,77.9,14.2,36.4,63.6,Not Boston,-9.413426576987229,Low
192,01109,2810055,Springfield: Rebecca M Johnson,Public School,2015,All Staff,773.0,812,24.900000000000006,117.5,95.19704433497537,21.191489361702132,True,33797.0,40.3,77.9,14.2,36.4,63.6,Not Boston,-3.6958069244399496,Low
196,01109,2810045,Springfield: William N. DeBerry,Public School,2015,All Staff,283.0,292,8.0,48.8,96.91780821917808,16.393442622950822,False,33797.0,40.3,77.9,14.2,36.4,63.6,Not Boston,-8.513034093284006,Low
198,01109,2810345,Springfield: Springfield Public Day Middle School,Public School,2015,All Staff,54.0,58,2.400000000000002,26.8,93.10344827586206,8.955223880597023,False,33797.0,40.3,77.9,14.2,36.4,63.6,Not Boston,-15.757215747008166,Low
506,01605,4860105,Seven Hills Charter Public (District): Seven Hills Charter School,Charter School,2015,All Staff,613.0,667,25.5,92.6,91.904047976012,27.5377969762419,True,36429.0,38.8,82.6,26.1,60.4,39.6,Not Boston,9.997103380731804,High
527,01610,3480350,Worcester: Claremont Academy,Public School,2015,All Staff,451.0,497,9.0,52.6,90.74446680080483,17.110266159695815,False,31019.0,35.9,73.0,14.0,61.6,38.4,Not Boston,4.966696332273855,High
531,01610,3480030,Worcester: Woodland Academy,Public School,2015,All Staff,564.0,613,11.5,58.9,92.00652528548125,19.524617996604416,True,31019.0,35.9,73.0,14.0,61.6,38.4,Not Boston,-0.5228464825184993,Low
712,01840,4400205,Community Day Charter Public School - Prospect (District): Community Day Charter Public School - Prospect,Charter School,2015,All Staff,381.0,400,7.700000000000003,58.7,95.25,13.117546848381606,False,18291.0,36.1,60.6,12.4,39.3,60.7,Not Boston,-2.5228711951698735,Low
713,01840,1490536,Lawrence: High School Learning Center,Public School,2015,All Staff,182.0,193,3.099999999999998,28.9,94.30051813471503,10.72664359861591,False,18291.0,36.1,60.6,12.4,39.3,60.7,Not Boston,-12.185372423688092,Low
714,01840,1490048,Lawrence: Oliver Partnership School,Public School,2015,All Staff,474.0,489,12.5,64.3,96.93251533742331,19.440124416796266,False,18291.0,36.1,60.6,12.4,39.3,60.7,Not Boston,-1.8246306618686319,Low
715,01840,1490049,Lawrence: UP Academy Oliver Middle School,Public School,2015,All Staff,324.0,332,19.700000000000003,44.7,97.59036144578313,44.07158836689039,True,18291.0,36.1,60.6,12.4,39.3,60.7,Not Boston,11.81006947918209,High
716,01841,1490015,Lawrence: Alexander B Bruce,Public School,2015,All Staff,515.0,539,9.100000000000001,62.1,95.54730983302412,14.653784219001611,False,32928.0,34.9,66.0,8.9,39.5,60.5,Not Boston,-3.7257551737952035,Low
717,01841,1490017,Lawrence: Arlington Middle School,Public School,2015,All Staff,512.0,520,10.0,53.9,98.46153846153847,18.55287569573284,False,32928.0,34.9,66.0,8.9,39.5,60.5,Not Boston,-2.5933850199383066,Low
718,01841,1490053,Lawrence: Edward F. Parthum,Public School,2015,All Staff,552.0,604,18.099999999999994,77.8,91.3907284768212,23.264781491002566,False,32928.0,34.9,66.0,8.9,39.5,60.5,Not Boston,9.333207083863345,High
719,01841,1490040,Lawrence: Francis M Leahy,Public School,2015,All Staff,539.0,553,13.899999999999999,57.0,97.46835443037975,24.3859649122807,False,32928.0,34.9,66.0,8.9,39.5,60.5,Not Boston,4.5337870160009075,High
720,01841,1490022,Lawrence: Gerard A. Guilmette,Public School,2015,All Staff,525.0,540,11.900000000000006,66.4,97.22222222222221,17.92168674698796,False,32928.0,34.9,66.0,8.9,39.5,60.5,Not Boston,-1.8901743030018814,Low
721,01841,1490025,Lawrence: Guilmette Middle School,Public School,2015,All Staff,498.0,515,14.900000000000006,64.4,96.69902912621359,23.136645962732928,False,32928.0,34.9,66.0,8.9,39.5,60.5,Not Boston,3.445351475010991,High
722,01841,1490020,Lawrence: James F Hennessey,Public School,2015,All Staff,372.0,388,14.100000000000001,47.1,95.87628865979381,29.93630573248408,True,32928.0,34.9,66.0,8.9,39.5,60.5,Not Boston,0.9232730591262666,High
723,01841,1490075,Lawrence: John K Tarbox,Public School,2015,All Staff,346.0,351,10.099999999999998,35.4,98.57549857549857,28.531073446327675,True,32928.0,34.9,66.0,8.9,39.5,60.5,Not Boston,-3.3014135131094804,Low
724,01841,1490002,Lawrence: Lawlor Early Childhood Center,Public School,2015,All Staff,174.0,176,10.099999999999998,24.4,98.86363636363636,41.393442622950815,False,32928.0,34.9,66.0,8.9,39.5,60.5,Not Boston,15.345805504362414,High
725,01841,1490027,Lawrence: Parthum Middle School,Public School,2015,All Staff,488.0,533,9.700000000000003,53.2,91.55722326454033,18.233082706766922,False,32928.0,34.9,66.0,8.9,39.5,60.5,Not Boston,3.2178177913614974,High
728,01841,4540205,Lawrence Family Development Charter (District): Lawrence Family Development Charter School,Charter School,2015,All Staff,674.0,678,23.0,84.5,99.41002949852508,27.218934911242602,True,32928.0,34.9,66.0,8.9,39.5,60.5,Not Boston,4.3459792019521615,High
729,01841,4260205,Community Day Charter Public School - Gateway (District): Community Day Charter Public School - Gateway,Charter School,2015,All Staff,193.0,200,8.100000000000001,33.5,96.5,24.179104477611947,False,32928.0,34.9,66.0,8.9,39.5,60.5,Not Boston,5.83970467467536,High
730,01841,4310205,Community Day Charter Public School - R. Kingman Webster (District): Community Day Charter Public School - R. Kingman Webster,Charter School,2015,All Staff,189.0,200,4.099999999999998,31.2,94.5,13.141025641025633,False,32928.0,34.9,66.0,8.9,39.5,60.5,Not Boston,-3.472240873494348,Low
731,01841,1490009,Lawrence: Community Day Arlington,Public School,2015,All Staff,627.0,642,21.900000000000006,86.9,97.66355140186917,25.201380897583437,True,32928.0,34.9,66.0,8.9,39.5,60.5,Not Boston,-1.9913817275434162,Low
732,01841,1490540,Lawrence: Phoenix Academy Lawrence,Public School,2015,All Staff,176.0,185,9.100000000000001,23.8,95.13513513513514,38.235294117647065,False,32928.0,34.9,66.0,8.9,39.5,60.5,Not Boston,15.524756263323546,High
733,01841,1490090,Lawrence: UP Academy Leonard Middle School,Public School,2015,All Staff,325.0,331,21.599999999999998,48.8,98.18731117824774,44.26229508196721,True,32928.0,34.9,66.0,8.9,39.5,60.5,Not Boston,12.500052558897508,High
734,01841,1490011,Lawrence: Lawrence Family Public Academy,Public School,2015,All Staff,175.0,181,4.099999999999998,27.2,96.68508287292818,15.0735294117647,False,32928.0,34.9,66.0,8.9,39.5,60.5,Not Boston,-9.027674066894459,Low
735,01843,1490080,Lawrence: Emily G Wetherbee,Public School,2015,All Staff,666.0,707,10.099999999999994,77.6,94.2008486562942,13.015463917525766,False,43301.0,31.0,74.6,15.5,44.0,56.0,Not Boston,-3.013068384088575,Low
737,01843,1490003,Lawrence: John Breen School,Public School,2015,All Staff,306.0,333,16.099999999999998,45.4,91.8918918918919,35.46255506607929,True,43301.0,31.0,74.6,15.5,44.0,56.0,Not Boston,8.124866891609699,High
739,01843,1490004,Lawrence: South Lawrence East Elementary School,Public School,2015,All Staff,541.0,573,9.199999999999996,59.9,94.4153577661431,15.35893155258764,False,43301.0,31.0,74.6,15.5,44.0,56.0,Not Boston,-2.6288103645579515,Low
740,01843,1490085,Lawrence: Spark Academy,Public School,2015,All Staff,416.0,435,22.700000000000003,57.1,95.63218390804597,39.75481611208407,False,43301.0,31.0,74.6,15.5,44.0,56.0,Not Boston,18.88984075053923,High
770,01852,4560050,Lowell Community Charter Public (District): Lowell Community Charter Public School,Charter School,2015,All Staff,737.0,769,31.599999999999994,104.1,95.83875162548765,30.35542747358309,True,48420.0,24.4,81.2,26.0,65.8,34.2,Not Boston,11.797018861956886,High
775,01854,1600080,Lowell: Charlotte M Murkland Elementary,Public School,2015,All Staff,464.0,514,4.0,58.9,90.27237354085604,6.791171477079796,False,41640.0,22.5,78.7,19.5,56.9,43.1,Not Boston,-7.1466186046001035,Low
847,01902,4290010,KIPP Academy Lynn Charter (District): KIPP Academy Lynn Charter School,Charter School,2015,All Staff,775.0,851,31.799999999999997,103.8,91.06933019976499,30.635838150289015,False,38045.0,28.3,76.1,17.3,40.9,59.1,Not Boston,23.48372054470055,High
850,01902,1630035,Lynn: Cobbet Elementary,Public School,2015,All Staff,571.0,595,5.0,61.2,95.96638655462185,8.169934640522875,False,38045.0,28.3,76.1,17.3,40.9,59.1,Not Boston,-11.94846160257082,Low
851,01902,1630045,Lynn: E J Harrington,Public School,2015,All Staff,600.0,656,6.400000000000006,76.7,91.46341463414635,8.344198174706657,False,38045.0,28.3,76.1,17.3,40.9,59.1,Not Boston,-7.080232372417646,Low
854,01902,1630060,Lynn: Ingalls,Public School,2015,All Staff,674.0,738,6.400000000000006,65.7,91.32791327913279,9.74124809741249,True,38045.0,28.3,76.1,17.3,40.9,59.1,Not Boston,-12.83102798892425,Low
857,01902,1630050,Lynn: Robert L Ford,Public School,2015,All Staff,480.0,526,6.399999999999999,43.9,91.25475285171103,14.578587699316625,False,38045.0,28.3,76.1,17.3,40.9,59.1,Not Boston,-2.3868703498282002,Low
859,01902,1630005,Lynn: Washington Elementary School,Public School,2015,All Staff,425.0,450,3.0,41.0,94.44444444444444,7.317073170731707,True,38045.0,28.3,76.1,17.3,40.9,59.1,Not Boston,-21.757912083806627,Low
870,01905,1630100,Lynn: Tracy,Public School,2015,All Staff,372.0,403,2.0,37.0,92.3076923076923,5.405405405405405,False,50903.0,27.5,77.9,15.1,43.4,56.6,Not Boston,-13.011801012750356,Low
871,01905,1630040,Lynn: Wm P Connery,Public School,2015,All Staff,574.0,612,6.399999999999999,57.4,93.79084967320262,11.149825783972123,False,50903.0,27.5,77.9,15.1,43.4,56.6,Not Boston,-5.780418484393959,Low
1119,02111,350286,Boston: Josiah Quincy,Public School,2015,All Staff,727.0,789,59.5,90.5,92.14195183776933,65.74585635359117,True,51480.0,10.5,75.8,53.0,44.7,55.3,Boston,16.821673630758596,High
1122,02115,4520505,Edward M. Kennedy Academy for Health Careers (Horace Mann Charter) (District): Edward M. Kennedy Academy for Health Careers (Horace Mann Charter School),Charter School,2015,All Staff,346.0,359,20.2,37.0,96.37883008356546,54.59459459459459,True,31737.0,40.2,90.3,63.6,68.5,31.5,Boston,3.075972648867726,High
1123,02116,350548,Boston: Boston Adult Academy,Public School,2015,All Staff,185.0,191,17.0,23.0,96.8586387434555,73.91304347826086,True,93059.0,10.6,92.5,76.4,76.3,23.700000000000003,Boston,12.22612169423602,High
1124,02116,350565,Boston: Quincy Upper School,Public School,2015,All Staff,466.0,497,31.1,52.1,93.7625754527163,59.69289827255279,True,93059.0,10.6,92.5,76.4,76.3,23.700000000000003,Boston,4.729328959019817,High
1125,02116,350690,Boston: Snowden International School at Copley,Public School,2015,All Staff,360.0,389,12.999999999999996,39.8,92.54498714652956,32.66331658291456,False,93059.0,10.6,92.5,76.4,76.3,23.700000000000003,Boston,-14.328823943473182,Low
1127,02118,350390,Boston: Blackstone,Public School,2015,All Staff,586.0,601,31.0,70.2,97.50415973377704,44.159544159544154,False,62300.0,26.0,83.5,57.1,53.2,46.8,Boston,-3.11845236654608,Low
1130,02119,350072,Boston: David A Ellis,Public School,2015,All Staff,425.0,430,39.0,48.8,98.83720930232558,79.91803278688525,True,28885.0,37.5,76.3,24.0,15.1,84.9,Boston,23.192560202383724,High
1131,02119,350543,Boston: Greater Egleston Community High School,Public School,2015,All Staff,186.0,202,12.100000000000001,16.1,92.07920792079209,75.15527950310559,True,28885.0,37.5,76.3,24.0,15.1,84.9,Boston,21.24383889243908,High
1133,02119,350010,Boston: Haynes Early Education Center,Public School,2015,All Staff,175.0,178,31.000000000000004,43.7,98.31460674157303,70.93821510297484,True,28885.0,37.5,76.3,24.0,15.1,84.9,Boston,11.327465167274383,High
1134,02119,350377,Boston: Higginson/Lewis K-8,Public School,2015,All Staff,408.0,416,29.6,45.6,98.07692307692307,64.91228070175438,True,28885.0,37.5,76.3,24.0,15.1,84.9,Boston,8.657634787917566,High
1135,02119,350485,Boston: James P Timilty Middle,Public School,2015,All Staff,481.0,486,24.1,49.1,98.97119341563786,49.08350305498982,True,28885.0,37.5,76.3,24.0,15.1,84.9,Boston,-7.016202706440417,Low
1136,02119,350243,Boston: Nathan Hale,Public School,2015,All Staff,171.0,176,7.199999999999999,15.7,97.1590909090909,45.859872611464965,True,28885.0,37.5,76.3,24.0,15.1,84.9,Boston,-12.780068868155752,Low
1137,02119,350257,Boston: Orchard Gardens,Public School,2015,All Staff,824.0,837,45.00000000000001,97.9,98.4468339307049,45.96527068437181,False,28885.0,37.5,76.3,24.0,15.1,84.9,Boston,3.315556311504423,High
1138,02119,350691,Boston: Rafael Hernandez,Public School,2015,All Staff,405.0,422,30.700000000000003,42.7,95.97156398104265,71.89695550351288,True,28885.0,37.5,76.3,24.0,15.1,84.9,Boston,17.53881094678153,High
1139,02119,350304,Boston: Samuel W Mason,Public School,2015,All Staff,229.0,242,21.9,35.5,94.62809917355372,61.69014084507042,True,28885.0,37.5,76.3,24.0,15.1,84.9,Boston,6.108411530234562,High
1140,02119,4240505,Boston Day and Evening Academy Charter (District): Boston Day and Evening Academy Charter School,Charter School,2015,All Staff,348.0,380,15.8,35.1,91.57894736842105,45.01424501424501,True,28885.0,37.5,76.3,24.0,15.1,84.9,Boston,-0.75831467325375,Low
1141,02119,4370505,City on a Hill Charter Public School Circuit Street (District): City on a Hill Charter Public School Circuit Street,Charter School,2015,All Staff,282.0,287,14.100000000000001,58.9,98.25783972125436,23.938879456706285,True,28885.0,37.5,76.3,24.0,15.1,84.9,Boston,-28.829269725024037,Low
1142,02119,4070405,Dudley Street Neighborhood Charter School (District): Dudley Street Neighborhood Charter School,Charter School,2015,All Staff,220.0,220,14.5,23.0,100.0,63.04347826086957,True,28885.0,37.5,76.3,24.0,15.1,84.9,Boston,7.884691674718319,High
1143,02119,350015,Boston: Higginson,Public School,2015,All Staff,165.0,173,18.0,31.1,95.37572254335261,57.87781350482315,False,28885.0,37.5,76.3,24.0,15.1,84.9,Boston,9.087739288689093,High
1144,02119,35040505,City on a Hill Charter Public School Dudley Square (District): City on a Hill Charter Public School Dudley Square,Charter School,2015,All Staff,188.0,192,12.0,39.0,97.91666666666666,30.76923076923077,True,28885.0,37.5,76.3,24.0,15.1,84.9,Boston,-22.962202329215646,Low
1145,02120,350540,Boston: Fenway High School,Public School,2015,All Staff,301.0,328,19.0,33.0,91.76829268292683,57.57575757575758,True,30487.0,43.2,84.3,41.4,46.5,53.5,Boston,6.487363370104923,High
1146,02120,350537,Boston: Madison Park High,Public School,2015,All Staff,876.0,921,79.8,155.6,95.11400651465797,51.285347043701805,True,30487.0,43.2,84.3,41.4,46.5,53.5,Boston,5.160318060603089,High
1147,02120,350229,Boston: Maurice J Tobin,Public School,2015,All Staff,435.0,438,19.6,39.0,99.31506849315068,50.256410256410255,True,30487.0,43.2,84.3,41.4,46.5,53.5,Boston,-5.889025053904966,Low
1150,02121,350074,Boston: Dearborn,Public School,2015,All Staff,266.0,273,24.0,36.0,97.43589743589743,66.66666666666666,True,26150.0,40.9,74.4,13.4,9.0,91.0,Boston,10.943424974129414,High
1151,02121,350525,Boston: Jeremiah E Burke High,Public School,2015,All Staff,522.0,539,34.0,59.0,96.84601113172542,57.6271186440678,True,26150.0,40.9,74.4,13.4,9.0,91.0,Boston,5.93465734463026,High
1152,02121,350167,Boston: UP Academy Holland,Public School,2015,All Staff,713.0,720,44.0,90.0,99.02777777777779,48.888888888888886,True,26150.0,40.9,74.4,13.4,9.0,91.0,Boston,-2.290258649191678,Low
1153,02121,350376,Boston: King K-8,Public School,2015,All Staff,488.0,495,31.1,56.0,98.58585858585859,55.53571428571429,True,26150.0,40.9,74.4,13.4,9.0,91.0,Boston,1.7591169352197795,High
1154,02121,350383,Boston: Lilla G. Frederick Middle School,Public School,2015,All Staff,545.0,552,45.99999999999999,67.1,98.73188405797102,68.55439642324887,True,26150.0,40.9,74.4,13.4,9.0,91.0,Boston,15.406412758589397,High
1155,02121,350308,Boston: Sarah Greenwood,Public School,2015,All Staff,405.0,415,34.8,57.0,97.59036144578313,61.052631578947356,True,26150.0,40.9,74.4,13.4,9.0,91.0,Boston,7.076065972849662,High
1156,02121,350370,Boston: William Monroe Trotter,Public School,2015,All Staff,465.0,488,22.0,45.4,95.28688524590164,48.458149779735685,True,26150.0,40.9,74.4,13.4,9.0,91.0,Boston,-2.5638892261751423,Low
1157,02121,4170205,Bridge Boston Charter School (District): Bridge Boston Charter School,Charter School,2015,All Staff,188.0,189,11.700000000000003,34.6,99.47089947089947,33.81502890173411,False,26150.0,40.9,74.4,13.4,9.0,91.0,Boston,-11.075724623252583,Low
1158,02122,350581,Boston: Community Academy of Science and Health,Public School,2015,All Staff,345.0,352,26.0,44.0,98.01136363636364,59.09090909090909,True,52122.0,20.8,76.8,22.1,34.6,65.4,Boston,6.1925571763766385,High
1159,02122,350227,Boston: Mather,Public School,2015,All Staff,569.0,599,35.0,59.5,94.99165275459099,58.82352941176471,False,52122.0,20.8,76.8,22.1,34.6,65.4,Boston,20.15193022089685,High
1162,02122,350328,Boston: Thomas J Kenny,Public School,2015,All Staff,269.0,293,13.999999999999996,36.3,91.80887372013652,38.56749311294765,False,52122.0,20.8,76.8,22.1,34.6,65.4,Boston,-1.4083991732941072,Low
1164,02122,4190305,Helen Y. Davis Leadership Academy Charter Public (District): Helen Y. Davis Leadership Academy Charter Public School,Charter School,2015,All Staff,224.0,224,24.499999999999996,32.8,100.0,74.6951219512195,True,52122.0,20.8,76.8,22.1,34.6,65.4,Boston,23.73632353487885,High
1165,02124,350507,Boston: Boston International High School,Public School,2015,All Staff,376.0,381,30.800000000000004,55.7,98.68766404199475,55.29622980251347,False,48350.0,26.0,80.6,23.5,21.9,78.1,Boston,7.801644660316853,High
1167,02124,350183,Boston: Joseph Lee,Public School,2015,All Staff,626.0,649,46.7,104.9,96.45608628659477,44.51858913250715,True,48350.0,26.0,80.6,23.5,21.9,78.1,Boston,-5.852267355529726,Low
1168,02124,350001,Boston: Lee Academy,Public School,2015,All Staff,206.0,212,21.0,36.0,97.16981132075472,58.333333333333336,True,48350.0,26.0,80.6,23.5,21.9,78.1,Boston,1.560885175022925,High
1169,02124,350138,Boston: O W Holmes,Public School,2015,All Staff,326.0,335,24.200000000000003,39.2,97.31343283582089,61.73469387755103,True,48350.0,26.0,80.6,23.5,21.9,78.1,Boston,6.4667318012922195,High
1170,02124,4380505,Codman Academy Charter Public (District): Codman Academy Charter Public School,Charter School,2015,All Staff,267.0,270,21.9,50.4,98.88888888888889,43.452380952380956,True,48350.0,26.0,80.6,23.5,21.9,78.1,Boston,-8.685345934200306,Low
1172,02124,350657,Boston: TechBoston Academy,Public School,2015,All Staff,954.0,985,41.7,115.8,96.85279187817258,36.010362694300525,True,48350.0,26.0,80.6,23.5,21.9,78.1,Boston,-10.254452904648367,Low
1173,02124,35050405,UP Academy Charter School of Dorchester (District): UP Academy Charter School of Dorchester,Charter School,2015,All Staff,618.0,625,22.5,77.0,98.88,29.22077922077922,True,48350.0,26.0,80.6,23.5,21.9,78.1,Boston,-18.209303909541575,Low
1174,02124,350014,Boston: Pauline Agassiz Shaw Elementary School,Public School,2015,All Staff,105.0,106,3.0,9.0,99.05660377358491,33.33333333333333,0,48350.0,26.0,80.6,23.5,21.9,78.1,Boston,-18.120494806071243,Low
1175,02125,350651,Boston: Dorchester Academy,Public School,2015,All Staff,370.0,382,20.0,49.0,96.8586387434555,40.816326530612244,True,48123.0,34.5,79.6,33.4,34.4,65.6,Boston,-13.925547321040192,Low
1176,02125,350088,Boston: Edward Everett,Public School,2015,All Staff,261.0,279,8.0,24.0,93.54838709677419,33.33333333333333,False,48123.0,34.5,79.6,33.4,34.4,65.6,Boston,-11.564807014960039,Low
1177,02125,350179,Boston: John W McCormack,Public School,2015,All Staff,561.0,596,33.400000000000006,74.4,94.12751677852349,44.892473118279575,True,48123.0,34.5,79.6,33.4,34.4,65.6,Boston,-4.659037874626463,Low
1178,02125,350180,Boston: John Winthrop,Public School,2015,All Staff,351.0,357,18.4,33.9,98.31932773109243,54.27728613569322,True,48123.0,34.5,79.6,33.4,34.4,65.6,Boston,-2.0562436061282483,Low
1179,02125,350268,Boston: Paul A Dever,Public School,2015,All Staff,503.0,524,30.199999999999996,68.3,95.99236641221374,44.21669106881405,True,48123.0,34.5,79.6,33.4,34.4,65.6,Boston,-7.897543207840499,Low
1181,02125,350366,Boston: William E Russell,Public School,2015,All Staff,379.0,387,15.899999999999999,35.9,97.9328165374677,44.28969359331476,True,48123.0,34.5,79.6,33.4,34.4,65.6,Boston,-11.313070492823414,Low
1183,02126,350054,Boston: Charles H Taylor,Public School,2015,All Staff,542.0,546,37.4,52.9,99.26739926739927,70.69943289224952,True,45958.0,27.9,79.8,15.6,8.3,91.7,Boston,16.25753688461107,High
1184,02126,350008,Boston: Dr. Catherine Ellison-Rosa Parks Early Ed School,Public School,2015,All Staff,176.0,179,33.0,50.1,98.32402234636871,65.86826347305389,True,45958.0,27.9,79.8,15.6,8.3,91.7,Boston,7.381720271375393,High
1185,02126,350154,Boston: James J Chittick,Public School,2015,All Staff,290.0,297,19.0,39.5,97.64309764309765,48.10126582278481,True,45958.0,27.9,79.8,15.6,8.3,91.7,Boston,-8.235349748662557,Low
1186,02126,350378,Boston: Mildred Avenue K-8,Public School,2015,All Staff,376.0,382,35.2,50.9,98.42931937172776,69.15520628683694,True,45958.0,27.9,79.8,15.6,8.3,91.7,Boston,13.265374387539659,High
1187,02126,350380,Boston: Young Achievers,Public School,2015,All Staff,499.0,507,37.0,56.9,98.42209072978304,65.02636203866432,True,45958.0,27.9,79.8,15.6,8.3,91.7,Boston,10.797688675998494,High
1188,02126,4630205,KIPP Academy Boston Charter School (District): KIPP Academy Boston Charter School,Charter School,2015,All Staff,285.0,288,13.0,42.0,98.95833333333334,30.952380952380953,True,45958.0,27.9,79.8,15.6,8.3,91.7,Boston,-21.288007871959575,Low
1194,02127,4800405,UP Academy Charter School of Boston (District): UP Academy Charter School of Boston,Charter School,2015,All Staff,423.0,468,16.299999999999997,59.8,90.38461538461539,27.257525083612038,True,77633.0,37.2,89.5,56.5,81.5,18.5,Boston,-13.228737107471225,Low
1197,02128,350080,Boston: Donald Mckay,Public School,2015,All Staff,657.0,697,16.800000000000004,59.2,94.26111908177906,28.378378378378383,True,51097.0,26.5,67.8,20.5,62.7,37.3,Boston,-11.06181275024868,Low
1200,02128,350141,Boston: Hugh Roe O'Donnell,Public School,2015,All Staff,266.0,292,10.0,25.0,91.0958904109589,40.0,True,51097.0,26.5,67.8,20.5,62.7,37.3,Boston,-2.070327789061224,Low
1203,02128,350264,Boston: Patrick J Kennedy,Public School,2015,All Staff,282.0,307,12.0,34.5,91.85667752442997,34.78260869565217,True,51097.0,26.5,67.8,20.5,62.7,37.3,Boston,-7.745738705963113,Low
1206,02128,350656,Boston: Mario Umana Academy,Public School,2015,All Staff,704.0,780,28.200000000000003,76.0,90.25641025641026,37.10526315789474,True,51097.0,26.5,67.8,20.5,62.7,37.3,Boston,2.220269341502444,High
1207,02129,350515,Boston: Charlestown High,Public School,2015,All Staff,907.0,962,50.099999999999994,112.8,94.28274428274428,44.41489361702127,True,87381.0,39.8,91.0,62.0,73.9,26.099999999999994,Boston,-1.209480780169578,Low
1208,02129,350430,Boston: Clarence R Edwards Middle,Public School,2015,All Staff,383.0,416,20.1,50.2,92.0673076923077,40.039840637450204,False,87381.0,39.8,91.0,62.0,73.9,26.099999999999994,Boston,-2.5507341605276395,Low
1209,02129,350200,Boston: Harvard-Kent,Public School,2015,All Staff,504.0,555,26.10000000000001,68.4,90.81081081081082,38.15789473684211,False,87381.0,39.8,91.0,62.0,73.9,26.099999999999994,Boston,-1.5079687667467354,Low
1214,02130,350006,Boston: ELC - West Zone,Public School,2015,All Staff,89.0,97,12.0,27.5,91.75257731958763,43.63636363636363,False,77480.0,19.3,91.9,64.2,64.5,35.5,Boston,-5.268490945556088,Low
1215,02130,350153,Boston: James W Hennigan,Public School,2015,All Staff,592.0,620,38.39999999999999,66.6,95.48387096774194,57.657657657657644,True,77480.0,19.3,91.9,64.2,64.5,35.5,Boston,4.106212581033965,High
1216,02130,350166,Boston: John F Kennedy,Public School,2015,All Staff,387.0,402,21.200000000000003,37.2,96.26865671641791,56.98924731182796,True,77480.0,19.3,91.9,64.2,64.5,35.5,Boston,-0.12570018845726594,Low
1219,02130,350535,Boston: The English High,Public School,2015,All Staff,544.0,559,48.0,91.0,97.31663685152057,52.74725274725275,True,77480.0,19.3,91.9,64.2,64.5,35.5,Boston,-3.1935922619036106,Low
1220,02130,350549,Boston: Margarita Muniz Academy,Public School,2015,All Staff,226.0,229,17.1,25.7,98.68995633187772,66.53696498054475,0,77480.0,19.3,91.9,64.2,64.5,35.5,Boston,13.392285217038378,High
1221,02131,350052,Boston: Charles Sumner,Public School,2015,All Staff,498.0,551,24.800000000000004,57.2,90.38112522686026,43.35664335664336,False,64178.0,20.8,88.8,41.2,59.9,40.1,Boston,7.3050566405165185,High
1227,02131,350445,Boston: Washington Irving Middle,Public School,2015,All Staff,322.0,354,25.099999999999998,49.3,90.96045197740112,50.91277890466531,0,64178.0,20.8,88.8,41.2,59.9,40.1,Boston,11.753041088716643,High
1228,02131,4280305,Brooke Charter School (District): Brooke Charter School,Charter School,2015,All Staff,500.0,506,14.0,64.5,98.81422924901186,21.705426356589147,True,64178.0,20.8,88.8,41.2,59.9,40.1,Boston,-25.220164818164182,Low
1232,02132,350579,Boston: Urban Science Academy,Public School,2015,All Staff,429.0,471,25.1,53.1,91.0828025477707,47.26930320150659,False,87983.0,5.2,93.9,53.7,83.8,16.200000000000003,Boston,10.438346766346044,High
1237,02134,350013,Boston: Jackson Mann,Public School,2015,All Staff,675.0,749,44.099999999999994,96.3,90.12016021361816,45.79439252336448,True,44000.0,15.0,88.6,57.5,63.5,36.5,Boston,0.29146966375076744,High
1239,02135,350505,Boston: Brighton High,Public School,2015,All Staff,923.0,974,35.0,94.3,94.76386036960986,37.11558854718982,True,50752.0,20.9,91.1,61.9,73.0,27.0,Boston,-8.903422277633581,Low
1244,02135,4110305,Boston Green Academy Horace Mann Charter School (District): Boston Green Academy Horace Mann Charter School,Charter School,2015,All Staff,356.0,393,23.400000000000006,56.2,90.5852417302799,41.63701067615659,True,50752.0,20.9,91.1,61.9,73.0,27.0,Boston,-3.1171236975630734,Low
1246,02136,350541,Boston: Another Course To College,Public School,2015,All Staff,217.0,236,13.100000000000001,28.1,91.94915254237289,46.619217081850536,0,61391.0,16.8,88.0,25.1,35.3,64.7,Boston,5.047997001380864,High
1247,02136,350558,Boston: Boston Community Leadership Academy,Public School,2015,All Staff,484.0,525,34.2,69.2,92.19047619047619,49.421965317919074,True,61391.0,16.8,88.0,25.1,35.3,64.7,Boston,3.118221691626424,High
1249,02136,350135,Boston: Henry Grew,Public School,2015,All Staff,232.0,251,9.399999999999999,21.4,92.43027888446214,43.92523364485981,True,61391.0,16.8,88.0,25.1,35.3,64.7,Boston,-6.213059751057642,Low
1250,02136,350542,Boston: New Mission High School,Public School,2015,All Staff,292.0,301,22.400000000000002,32.6,97.00996677740864,68.71165644171779,True,61391.0,16.8,88.0,25.1,35.3,64.7,Boston,15.282755079268028,High
1251,02136,350360,Boston: William Ellery Channing,Public School,2015,All Staff,284.0,295,17.300000000000004,34.2,96.27118644067797,50.58479532163743,True,61391.0,16.8,88.0,25.1,35.3,64.7,Boston,-2.285925522153647,Low
1252,02136,4160305,Boston Preparatory Charter Public (District): Boston Preparatory Charter Public School,Charter School,2015,All Staff,379.0,391,15.800000000000004,52.7,96.9309462915601,29.981024667931695,True,61391.0,16.8,88.0,25.1,35.3,64.7,Boston,-16.83761751673776,Low
1253,02136,4810550,Boston Renaissance Charter Public (District): Boston Renaissance Charter Public School,Charter School,2015,All Staff,930.0,944,46.80000000000001,139.8,98.51694915254238,33.476394849785414,True,61391.0,16.8,88.0,25.1,35.3,64.7,Boston,-7.389708585832878,Low
1268,02140,4200205,Benjamin Banneker Charter Public (District): Benjamin Banneker Charter Public School,Charter School,2015,All Staff,343.0,347,24.700000000000003,53.2,98.84726224783861,46.42857142857143,True,84163.0,16.1,93.3,69.5,64.4,35.599999999999994,Not Boston,7.114431214858328,High
1272,02141,4360305,Community Charter School of Cambridge (District): Community Charter School of Cambridge,Charter School,2015,All Staff,384.0,398,16.6,56.5,96.4824120603015,29.38053097345133,False,70828.0,15.4,90.4,65.4,66.1,33.900000000000006,Not Boston,2.6082315113226784,High
1302,02150,570505,Chelsea: Chelsea High,Public School,2015,All Staff,1425.0,1527,32.8,150.1,93.32023575638507,21.85209860093271,True,47811.0,26.1,65.4,16.9,51.6,48.4,Not Boston,10.099835651859637,High
1303,02150,570050,Chelsea: Clark Avenue School,Public School,2015,All Staff,516.0,548,4.799999999999997,56.5,94.16058394160584,8.495575221238932,False,47811.0,26.1,65.4,16.9,51.6,48.4,Not Boston,-8.592876008943831,Low
1304,02150,570030,Chelsea: Edgar A Hooks Elementary,Public School,2015,All Staff,520.0,563,9.0,57.1,92.36234458259325,15.761821366024517,False,47811.0,26.1,65.4,16.9,51.6,48.4,Not Boston,0.42396091333436026,High
1305,02150,570045,Chelsea: Eugene Wright Science and Technology Academy,Public School,2015,All Staff,480.0,521,8.799999999999997,62.5,92.13051823416507,14.079999999999995,False,47811.0,26.1,65.4,16.9,51.6,48.4,Not Boston,-1.6138318957068982,Low
1306,02150,570040,Chelsea: Frank M Sokolowski Elementary,Public School,2015,All Staff,561.0,613,11.0,56.7,91.51712887438825,19.400352733686066,True,47811.0,26.1,65.4,16.9,51.6,48.4,Not Boston,-2.896481925703956,Low
1307,02150,570035,Chelsea: George F. Kelly Elementary,Public School,2015,All Staff,556.0,590,9.5,49.7,94.23728813559322,19.114688128772634,True,47811.0,26.1,65.4,16.9,51.6,48.4,Not Boston,-5.834330487484724,Low
1308,02150,570055,Chelsea: Joseph A. Browne School,Public School,2015,All Staff,513.0,545,10.799999999999997,52.5,94.12844036697248,20.571428571428566,False,47811.0,26.1,65.4,16.9,51.6,48.4,Not Boston,3.4710013146522023,High
1311,02150,4930505,Phoenix Charter Academy (District): Phoenix Charter Academy,Charter School,2015,All Staff,179.0,194,12.2,36.4,92.26804123711341,33.51648351648351,True,47811.0,26.1,65.4,16.9,51.6,48.4,Not Boston,10.374787507737047,High
1395,02215,4690505,MATCH Charter Public School (District): MATCH Charter Public School,Charter School,2015,All Staff,858.0,895,88.6,241.9,95.8659217877095,36.62670525010335,True,40269.0,57.7,95.8,78.5,68.7,31.299999999999997,Boston,-11.533503999245184,Low
1406,02301,440078,Brockton: Oscar F Raymond,Public School,2015,All Staff,940.0,1039,16.799999999999997,100.6,90.4716073147257,16.69980119284294,False,43093.0,29.2,79.6,17.6,41.5,58.5,Not Boston,7.228175818801507,High
1415,02302,440055,Brockton: Gilmore Elementary School,Public School,2015,All Staff,446.0,494,7.5,50.4,90.2834008097166,14.880952380952381,False,58750.0,15.0,83.2,18.0,53.3,46.7,Not Boston,0.42712855347901346,High
